[
  {
    "id": "c2b7e09d-5ea6-43fc-a9ee-cf74c247da20",
    "data": [
      {
        "text": "How do you know if a person has ",
        "userDefined": false
      },
      {
        "text": "aids",
        "alias": "diseases",
        "meta": "@diseases",
        "userDefined": false
      },
      {
        "text": "?",
        "userDefined": false
      }
    ],
    "isTemplate": false,
    "count": 0,
    "updated": 0
  },
  {
    "id": "5a0f9344-f3af-4bb0-a4c6-9cd206d09ee8",
    "data": [
      {
        "text": "aids",
        "alias": "diseases",
        "meta": "@diseases",
        "userDefined": false
      }
    ],
    "isTemplate": false,
    "count": 4,
    "updated": 0
  },
  {
    "id": "9d2d737d-0ecc-451f-9457-d9332d196fc7",
    "data": [
      {
        "text": "causes of ",
        "userDefined": false
      },
      {
        "text": "aids",
        "alias": "diseases",
        "meta": "@diseases",
        "userDefined": false
      }
    ],
    "isTemplate": false,
    "count": 0,
    "updated": 0
  },
  {
    "id": "4345212a-1736-4652-aad0-8971eadaa186",
    "data": [
      {
        "text": "symptoms of ",
        "userDefined": false
      },
      {
        "text": "aids",
        "alias": "diseases",
        "meta": "@diseases",
        "userDefined": false
      }
    ],
    "isTemplate": false,
    "count": 0,
    "updated": 0
  },
  {
    "id": "8702db84-e177-4409-b5c9-4faa95c6b7c8",
    "data": [
      {
        "text": "info on ",
        "userDefined": false
      },
      {
        "text": "aids",
        "alias": "diseases",
        "meta": "@diseases",
        "userDefined": false
      }
    ],
    "isTemplate": false,
    "count": 0,
    "updated": 0
  },
  {
    "id": "3f574472-5b8b-41d9-9d87-17e0d828ea3d",
    "data": [
      {
        "text": "tell me about ",
        "userDefined": false
      },
      {
        "text": "aids",
        "alias": "diseases",
        "meta": "@diseases",
        "userDefined": false
      }
    ],
    "isTemplate": false,
    "count": 0,
    "updated": 0
  },
  {
    "id": "4585f395-49ff-4f85-b442-83def4650ecd",
    "data": [
      {
        "text": "what is ",
        "userDefined": false
      },
      {
        "text": "aids",
        "alias": "diseases",
        "meta": "@diseases",
        "userDefined": false
      }
    ],
    "isTemplate": false,
    "count": 1,
    "updated": 0
  }
]