[
  {
    "id": "c271c929-0a0f-45fd-bbc9-955274e7f487",
    "data": [
      {
        "text": "एनीमिया की सावधानियां",
        "userDefined": false
      }
    ],
    "isTemplate": false,
    "count": 0,
    "updated": 0
  },
  {
    "id": "c7380721-7d46-48aa-aca0-e63aa8395eaf",
    "data": [
      {
        "text": "एनीमिया की रोकथाम",
        "userDefined": false
      }
    ],
    "isTemplate": false,
    "count": 0,
    "updated": 0
  },
  {
    "id": "fed5efec-0a85-4019-8977-f278600bd7ce",
    "data": [
      {
        "text": "कैसे एनीमिया को रोकने के लिए",
        "userDefined": false
      }
    ],
    "isTemplate": false,
    "count": 0,
    "updated": 0
  },
  {
    "id": "500c2027-68f4-4a81-ba73-021e54ed8812",
    "data": [
      {
        "text": "एनीमिया से कैसे बचें",
        "userDefined": false
      }
    ],
    "isTemplate": false,
    "count": 0,
    "updated": 0
  },
  {
    "id": "144dbd4d-762c-4940-b14d-791076660e61",
    "data": [
      {
        "text": "मुझे एनीमिया की सावधानियाँ दें",
        "userDefined": false
      }
    ],
    "isTemplate": false,
    "count": 0,
    "updated": 0
  },
  {
    "id": "398cc4e4-5b92-4b95-b3b0-fcc41fbcb906",
    "data": [
      {
        "text": "मुझे एनीमिया की रोकथाम बताएं",
        "userDefined": false
      }
    ],
    "isTemplate": false,
    "count": 0,
    "updated": 0
  },
  {
    "id": "54dc7a89-3175-4286-87bb-b9780a21d12d",
    "data": [
      {
        "text": "बिलकुल",
        "userDefined": false
      }
    ],
    "isTemplate": false,
    "count": 0,
    "updated": 0
  },
  {
    "id": "e15ea151-9b38-43f4-9135-5f89f870bf75",
    "data": [
      {
        "text": "यह सही है!",
        "userDefined": false
      }
    ],
    "isTemplate": false,
    "count": 0,
    "updated": 0
  },
  {
    "id": "47ed6746-9287-460d-822c-a1f1092edca8",
    "data": [
      {
        "text": "अच्छा लग रहा है",
        "userDefined": false
      }
    ],
    "isTemplate": false,
    "count": 0,
    "updated": 0
  },
  {
    "id": "0e1b59e4-6c71-49f2-911c-6419e85b7fbf",
    "data": [
      {
        "text": "अभी करो",
        "userDefined": false
      }
    ],
    "isTemplate": false,
    "count": 0,
    "updated": 0
  },
  {
    "id": "c92ed9db-3aad-46be-81f4-132d3f9354d0",
    "data": [
      {
        "text": "ज़रूर",
        "userDefined": false
      }
    ],
    "isTemplate": false,
    "count": 0,
    "updated": 0
  },
  {
    "id": "3ae1e539-b818-4beb-b65e-15bee6eaa0ec",
    "data": [
      {
        "text": "मैं सहमत हूँ",
        "userDefined": false
      }
    ],
    "isTemplate": false,
    "count": 0,
    "updated": 0
  },
  {
    "id": "5d7ece74-9166-402d-b826-6cb878886c15",
    "data": [
      {
        "text": "मुझे फ़र्क नहीं पड़ता",
        "userDefined": false
      }
    ],
    "isTemplate": false,
    "count": 0,
    "updated": 0
  },
  {
    "id": "179e00b8-904f-448d-a002-40a2db03616c",
    "data": [
      {
        "text": "बेशक",
        "userDefined": false
      }
    ],
    "isTemplate": false,
    "count": 0,
    "updated": 0
  },
  {
    "id": "5128a013-a324-44fb-b7f4-baa440efcb11",
    "data": [
      {
        "text": "पक्का ना",
        "userDefined": false
      }
    ],
    "isTemplate": false,
    "count": 0,
    "updated": 0
  },
  {
    "id": "8b128e4f-562e-4bd1-b5b1-dfa5497fdd4d",
    "data": [
      {
        "text": "हाँ",
        "userDefined": true
      }
    ],
    "isTemplate": false,
    "count": 0,
    "updated": 0
  }
]