[
  {
    "id": "79e5ae15-e937-42d8-997e-b87c70b0ae6e",
    "data": [
      {
        "text": "एनीमिया के कारण",
        "userDefined": false
      }
    ],
    "isTemplate": false,
    "count": 0,
    "updated": 0
  },
  {
    "id": "f657b4e1-ca3a-416e-8c50-f417e29417d1",
    "data": [
      {
        "text": "एनीमिया के लक्षण",
        "userDefined": false
      }
    ],
    "isTemplate": false,
    "count": 0,
    "updated": 0
  },
  {
    "id": "107d8853-8eb9-4f0a-b1c6-7cf4e5ceab6e",
    "data": [
      {
        "text": "एनीमिया क्या है",
        "userDefined": false
      }
    ],
    "isTemplate": false,
    "count": 0,
    "updated": 0
  },
  {
    "id": "5d9c1de1-1c60-4142-be06-2b386619544a",
    "data": [
      {
        "text": "मुझे एनीमिया के बारे में बताएं",
        "userDefined": false
      }
    ],
    "isTemplate": false,
    "count": 0,
    "updated": 0
  },
  {
    "id": "d503766a-8ce7-4e89-9d23-072b5721fda1",
    "data": [
      {
        "text": "खून की कमी",
        "userDefined": false
      }
    ],
    "isTemplate": false,
    "count": 0,
    "updated": 0
  },
  {
    "id": "dc0e57e3-9f11-4691-adf6-4fcea4f145a3",
    "data": [
      {
        "text": "एनीमिया",
        "userDefined": false
      }
    ],
    "isTemplate": false,
    "count": 0,
    "updated": 0
  }
]