[
  {
    "id": "6fce72ef-ff65-480e-8e52-bf4a564ca038",
    "data": [
      {
        "text": "asthma",
        "alias": "diseases",
        "meta": "@diseases",
        "userDefined": false
      }
    ],
    "isTemplate": false,
    "count": 0,
    "updated": 0
  },
  {
    "id": "14bfa700-3e92-4011-94bd-223940aedc9c",
    "data": [
      {
        "text": "asthama",
        "alias": "diseases",
        "meta": "@diseases",
        "userDefined": false
      }
    ],
    "isTemplate": false,
    "count": 0,
    "updated": 0
  },
  {
    "id": "82506609-c305-4410-9320-c5fcccde9699",
    "data": [
      {
        "text": "Tell me about ",
        "userDefined": false
      },
      {
        "text": "asthma",
        "alias": "diseases",
        "meta": "@diseases",
        "userDefined": false
      }
    ],
    "isTemplate": false,
    "count": 0,
    "updated": 0
  },
  {
    "id": "83018ec6-8d31-4578-abfb-b429d0a1783b",
    "data": [
      {
        "text": "can you tell me about ",
        "userDefined": false
      },
      {
        "text": "asthma",
        "alias": "diseases",
        "meta": "@diseases",
        "userDefined": false
      }
    ],
    "isTemplate": false,
    "count": 0,
    "updated": 0
  },
  {
    "id": "42b30a0a-60c5-4e7c-9d86-1182b98bd94b",
    "data": [
      {
        "text": "what is ",
        "userDefined": false
      },
      {
        "text": "asthama",
        "alias": "diseases",
        "meta": "@diseases",
        "userDefined": false
      }
    ],
    "isTemplate": false,
    "count": 0,
    "updated": 0
  },
  {
    "id": "345ef25d-0c04-4dc9-9f94-540c09d55b43",
    "data": [
      {
        "text": "What is ",
        "userDefined": false
      },
      {
        "text": "asthma",
        "alias": "diseases",
        "meta": "@diseases",
        "userDefined": false
      }
    ],
    "isTemplate": false,
    "count": 0,
    "updated": 0
  }
]