[
  {
    "id": "402a672e-cd36-49c4-8ab0-127c73fb614b",
    "data": [
      {
        "text": "मधुमक्खी के डंक पर जानकारी",
        "userDefined": false
      }
    ],
    "isTemplate": false,
    "count": 0,
    "updated": 0
  },
  {
    "id": "d7f9717d-39c1-44fe-9cda-cebf152e142f",
    "data": [
      {
        "text": "मुझे मधुमक्खी के डंक के बारे में बताओ",
        "userDefined": false
      }
    ],
    "isTemplate": false,
    "count": 0,
    "updated": 0
  },
  {
    "id": "f93f87b7-215d-4eee-a9df-871b2cb9e39a",
    "data": [
      {
        "text": "मधुमक्खी का डंक क्या है",
        "userDefined": false
      }
    ],
    "isTemplate": false,
    "count": 0,
    "updated": 0
  },
  {
    "id": "103d8cb6-7c0a-452e-99b0-dc96622b59a2",
    "data": [
      {
        "text": "मधुमक्खी के डंक",
        "userDefined": false
      }
    ],
    "isTemplate": false,
    "count": 0,
    "updated": 0
  },
  {
    "id": "372329ab-e3be-40fc-8e69-9d73de07ada3",
    "data": [
      {
        "text": "मधुमक्खी के डंक के लक्षण",
        "userDefined": false
      }
    ],
    "isTemplate": false,
    "count": 0,
    "updated": 0
  },
  {
    "id": "103af892-8875-46c6-8f29-24d0f5af99d5",
    "data": [
      {
        "text": "कैसे पता चले कि आपको मधुमक्खी का डंक है?",
        "userDefined": false
      }
    ],
    "isTemplate": false,
    "count": 0,
    "updated": 0
  }
]