[
  {
    "id": "24968c2a-db8b-4006-a007-e2d9522b6a96",
    "data": [
      {
        "text": "How to know you have ",
        "userDefined": false
      },
      {
        "text": "bee sting",
        "alias": "diseases",
        "meta": "@diseases",
        "userDefined": false
      }
    ],
    "isTemplate": false,
    "count": 0,
    "updated": 0
  },
  {
    "id": "b39dd326-ffe3-402f-862e-75a1045cf677",
    "data": [
      {
        "text": "symptoms of ",
        "userDefined": false
      },
      {
        "text": "bee sting",
        "alias": "diseases",
        "meta": "@diseases",
        "userDefined": false
      }
    ],
    "isTemplate": false,
    "count": 0,
    "updated": 0
  },
  {
    "id": "4d2ab60f-f4a7-4003-8b52-9617939e1bc4",
    "data": [
      {
        "text": "bee sting",
        "alias": "diseases",
        "meta": "@diseases",
        "userDefined": false
      }
    ],
    "isTemplate": false,
    "count": 0,
    "updated": 0
  },
  {
    "id": "73fcc0a9-dd44-4cef-ab11-a6a22b94240f",
    "data": [
      {
        "text": "what is ",
        "userDefined": false
      },
      {
        "text": "bee sting",
        "alias": "diseases",
        "meta": "@diseases",
        "userDefined": false
      }
    ],
    "isTemplate": false,
    "count": 0,
    "updated": 0
  },
  {
    "id": "917533ff-785b-4f72-a4c5-727a3a8a29cc",
    "data": [
      {
        "text": "tell me about ",
        "userDefined": false
      },
      {
        "text": "bee sting",
        "alias": "diseases",
        "meta": "@diseases",
        "userDefined": false
      }
    ],
    "isTemplate": false,
    "count": 0,
    "updated": 0
  },
  {
    "id": "26b5694d-7cf8-44d5-aa52-4d7890bf8499",
    "data": [
      {
        "text": "info on ",
        "userDefined": false
      },
      {
        "text": "bee sting",
        "alias": "diseases",
        "meta": "@diseases",
        "userDefined": false
      }
    ],
    "isTemplate": false,
    "count": 0,
    "updated": 0
  }
]