[
  {
    "id": "446af20e-c4cc-44d5-a130-cb031fefcab2",
    "data": [
      {
        "text": "How do I know I have ",
        "userDefined": false
      },
      {
        "text": "chickenpox",
        "alias": "diseases",
        "meta": "@diseases",
        "userDefined": false
      },
      {
        "text": "?",
        "userDefined": false
      }
    ],
    "isTemplate": false,
    "count": 0,
    "updated": 0
  },
  {
    "id": "ac7a7c4d-0851-4ca4-a0a0-db0763b6a201",
    "data": [
      {
        "text": "symptoms of ",
        "userDefined": false
      },
      {
        "text": "chickenpox",
        "alias": "diseases",
        "meta": "@diseases",
        "userDefined": false
      }
    ],
    "isTemplate": false,
    "count": 0,
    "updated": 0
  },
  {
    "id": "ccf5e022-19be-4bf9-9da4-a7ecba83a24d",
    "data": [
      {
        "text": "causes of ",
        "userDefined": false
      },
      {
        "text": "chickenpox",
        "alias": "diseases",
        "meta": "@diseases",
        "userDefined": false
      }
    ],
    "isTemplate": false,
    "count": 0,
    "updated": 0
  },
  {
    "id": "41707a37-5c5c-4f05-a159-e6063d960536",
    "data": [
      {
        "text": "info on ",
        "userDefined": false
      },
      {
        "text": "chickenpox",
        "alias": "diseases",
        "meta": "@diseases",
        "userDefined": false
      }
    ],
    "isTemplate": false,
    "count": 0,
    "updated": 0
  },
  {
    "id": "46eba4f4-78fd-4aad-903e-955caeae8915",
    "data": [
      {
        "text": "tell me about ",
        "userDefined": false
      },
      {
        "text": "chickenpox",
        "alias": "diseases",
        "meta": "@diseases",
        "userDefined": false
      }
    ],
    "isTemplate": false,
    "count": 0,
    "updated": 0
  },
  {
    "id": "c86698bd-02f8-4b4b-b33d-2a7f027ac786",
    "data": [
      {
        "text": "what is ",
        "userDefined": false
      },
      {
        "text": "chickenpox",
        "alias": "diseases",
        "meta": "@diseases",
        "userDefined": false
      }
    ],
    "isTemplate": false,
    "count": 0,
    "updated": 0
  },
  {
    "id": "54241b64-b3b3-4b5f-b5f0-776f27abc2dc",
    "data": [
      {
        "text": "chickenpox",
        "alias": "diseases",
        "meta": "@diseases",
        "userDefined": false
      }
    ],
    "isTemplate": false,
    "count": 0,
    "updated": 0
  }
]