[
  {
    "id": "71755200-2a77-4197-8414-98fc11d50c6d",
    "data": [
      {
        "text": "चेचक",
        "userDefined": false
      }
    ],
    "isTemplate": false,
    "count": 0,
    "updated": 0
  },
  {
    "id": "964d2e74-bc7b-43e6-8f25-2a681935f39f",
    "data": [
      {
        "text": "चिकनपॉक्स क्या है",
        "userDefined": false
      }
    ],
    "isTemplate": false,
    "count": 0,
    "updated": 0
  },
  {
    "id": "d21cdf01-1e07-4190-aab4-f57ee747141e",
    "data": [
      {
        "text": "मुझे चिकनपॉक्स के बारे में बताओ",
        "userDefined": false
      }
    ],
    "isTemplate": false,
    "count": 0,
    "updated": 0
  },
  {
    "id": "7f2d407e-ded4-47ea-9784-ac99fff9fc1c",
    "data": [
      {
        "text": "चिकनपॉक्स की जानकारी",
        "userDefined": false
      }
    ],
    "isTemplate": false,
    "count": 0,
    "updated": 0
  },
  {
    "id": "fcdd9f9f-34b3-4463-9a50-1533b059072e",
    "data": [
      {
        "text": "चेचक का कारण",
        "userDefined": false
      }
    ],
    "isTemplate": false,
    "count": 0,
    "updated": 0
  },
  {
    "id": "bfe8c9ff-0979-4464-bde7-52833e3a1737",
    "data": [
      {
        "text": "चिकनपॉक्स के लक्षण",
        "userDefined": false
      }
    ],
    "isTemplate": false,
    "count": 0,
    "updated": 0
  },
  {
    "id": "822ac422-ef36-435b-a50c-66f2f15fd70d",
    "data": [
      {
        "text": "मुझे कैसे पता चलेगा कि मुझे चिकनपॉक्स है",
        "userDefined": false
      }
    ],
    "isTemplate": false,
    "count": 0,
    "updated": 0
  }
]