[
  {
    "id": "182f0aa3-2e50-44aa-9f7f-fece0be733df",
    "data": [
      {
        "text": "how should I avoid ",
        "userDefined": false
      },
      {
        "text": "Chikungunya",
        "alias": "diseases",
        "meta": "@diseases",
        "userDefined": false
      }
    ],
    "isTemplate": false,
    "count": 0,
    "updated": 0
  },
  {
    "id": "082cde47-e3a0-4ef3-a064-15a51bac546b",
    "data": [
      {
        "text": "tell me about the prevention of ",
        "userDefined": false
      },
      {
        "text": "Chikungunya",
        "alias": "diseases",
        "meta": "@diseases",
        "userDefined": false
      }
    ],
    "isTemplate": false,
    "count": 0,
    "updated": 0
  },
  {
    "id": "eb2bc95b-8f95-4f81-9f5a-5d079cb973b4",
    "data": [
      {
        "text": "can you tell me about preventive measures of ",
        "userDefined": false
      },
      {
        "text": "Chikungunya",
        "alias": "diseases",
        "meta": "@diseases",
        "userDefined": false
      }
    ],
    "isTemplate": false,
    "count": 0,
    "updated": 0
  },
  {
    "id": "851a3ca3-c39f-46ad-803c-dc3c1363736f",
    "data": [
      {
        "text": "how to prevent ",
        "userDefined": false
      },
      {
        "text": "chickungunya",
        "alias": "diseases",
        "meta": "@diseases",
        "userDefined": false
      }
    ],
    "isTemplate": false,
    "count": 0,
    "updated": 0
  },
  {
    "id": "714330b3-7261-42d2-9657-86795be9210f",
    "data": [
      {
        "text": "how to avoid ",
        "userDefined": false
      },
      {
        "text": "chickungunya",
        "alias": "diseases",
        "meta": "@diseases",
        "userDefined": false
      }
    ],
    "isTemplate": false,
    "count": 0,
    "updated": 0
  },
  {
    "id": "6624e0da-99c3-47b8-9da8-dd3a65f92a09",
    "data": [
      {
        "text": "info about preventive measures of ",
        "userDefined": false
      },
      {
        "text": "chickungunya",
        "alias": "diseases",
        "meta": "@diseases",
        "userDefined": false
      }
    ],
    "isTemplate": false,
    "count": 0,
    "updated": 0
  },
  {
    "id": "52311dc9-9653-4352-8cf3-0aac7edecc63",
    "data": [
      {
        "text": " i want to know about precautions of ",
        "userDefined": false
      },
      {
        "text": "chickungunya",
        "alias": "diseases",
        "meta": "@diseases",
        "userDefined": false
      }
    ],
    "isTemplate": false,
    "count": 0,
    "updated": 0
  },
  {
    "id": "a85066b7-31ef-4d05-ac01-ff01a1707b9d",
    "data": [
      {
        "text": "tell me about preventive measures of ",
        "userDefined": false
      },
      {
        "text": "chickungunya",
        "alias": "diseases",
        "meta": "@diseases",
        "userDefined": false
      }
    ],
    "isTemplate": false,
    "count": 0,
    "updated": 0
  },
  {
    "id": "b6a41525-378c-4c87-83c4-8f2e8884896d",
    "data": [
      {
        "text": "I want to know about preventive measures about ",
        "userDefined": false
      },
      {
        "text": "chickungunya",
        "alias": "diseases",
        "meta": "@diseases",
        "userDefined": true
      }
    ],
    "isTemplate": false,
    "count": 0,
    "updated": 0
  },
  {
    "id": "fbb5acff-47fc-4e53-8205-58ff6989c4e3",
    "data": [
      {
        "text": "sure",
        "userDefined": false
      }
    ],
    "isTemplate": false,
    "count": 2,
    "updated": 0
  },
  {
    "id": "cc8b47c5-e9b8-4b0e-a61b-1605ec150769",
    "data": [
      {
        "text": "okay",
        "userDefined": false
      }
    ],
    "isTemplate": false,
    "count": 1,
    "updated": 0
  },
  {
    "id": "1a23c408-e2be-4e4a-a109-0e7e1376f521",
    "data": [
      {
        "text": "sounds correct",
        "userDefined": false
      }
    ],
    "isTemplate": false,
    "count": 1,
    "updated": 0
  },
  {
    "id": "3dac70f7-2e70-4d40-a904-85aa3b4a57e3",
    "data": [
      {
        "text": "that works",
        "userDefined": false
      }
    ],
    "isTemplate": false,
    "count": 0,
    "updated": 0
  },
  {
    "id": "ae7cc12a-8d88-435a-a17f-85469c0e4d16",
    "data": [
      {
        "text": "yep that\u0027s ok",
        "userDefined": false
      }
    ],
    "isTemplate": false,
    "count": 0,
    "updated": 0
  },
  {
    "id": "7bfbdbc1-65b9-4a88-951e-dc26e2ff17a2",
    "data": [
      {
        "text": "yes that\u0027s alright",
        "userDefined": false
      }
    ],
    "isTemplate": false,
    "count": 0,
    "updated": 0
  },
  {
    "id": "1d762e83-e2b6-4bdc-9165-1b676907289a",
    "data": [
      {
        "text": "I think so",
        "userDefined": false
      }
    ],
    "isTemplate": false,
    "count": 0,
    "updated": 0
  },
  {
    "id": "6f410049-f346-4708-b363-de3330e1b1b0",
    "data": [
      {
        "text": "sg",
        "userDefined": false
      }
    ],
    "isTemplate": false,
    "count": 0,
    "updated": 0
  },
  {
    "id": "d9b2cd03-4c93-4dc0-9a66-b156edaa6e90",
    "data": [
      {
        "text": "yes I agree",
        "userDefined": false
      }
    ],
    "isTemplate": false,
    "count": 1,
    "updated": 0
  },
  {
    "id": "c1653df1-b1fb-44b7-a870-a9138ce62cfe",
    "data": [
      {
        "text": "I don\u0027t mind",
        "userDefined": false
      }
    ],
    "isTemplate": false,
    "count": 3,
    "updated": 0
  },
  {
    "id": "58970a31-fb30-4f53-b712-5dba80daedfa",
    "data": [
      {
        "text": "I agree",
        "userDefined": false
      }
    ],
    "isTemplate": false,
    "count": 2,
    "updated": 0
  },
  {
    "id": "7fec2e81-e7d8-471b-8196-ed680f51e74e",
    "data": [
      {
        "text": "yes I do",
        "userDefined": false
      }
    ],
    "isTemplate": false,
    "count": 0,
    "updated": 0
  },
  {
    "id": "a2bdb06e-7cce-4a81-8eaa-e400fc568101",
    "data": [
      {
        "text": "for sure",
        "userDefined": false
      }
    ],
    "isTemplate": false,
    "count": 0,
    "updated": 0
  },
  {
    "id": "adb902ca-1426-4c73-9aaa-043fbe6893d8",
    "data": [
      {
        "text": "ok",
        "userDefined": false
      }
    ],
    "isTemplate": false,
    "count": 1,
    "updated": 0
  },
  {
    "id": "c575fa88-5b29-40fc-9a74-0b253df1a888",
    "data": [
      {
        "text": "yes that\u0027t ok",
        "userDefined": false
      }
    ],
    "isTemplate": false,
    "count": 0,
    "updated": 0
  },
  {
    "id": "9514f094-972c-4c9f-9012-338afa48cb24",
    "data": [
      {
        "text": "that one works",
        "userDefined": false
      }
    ],
    "isTemplate": false,
    "count": 0,
    "updated": 0
  },
  {
    "id": "eac0cc3f-2682-4b7a-b47a-94b967ea99a2",
    "data": [
      {
        "text": "yes you can do it",
        "userDefined": false
      }
    ],
    "isTemplate": false,
    "count": 0,
    "updated": 0
  },
  {
    "id": "bf992c57-6d85-4107-bd75-2782f6807e56",
    "data": [
      {
        "text": "perfect",
        "userDefined": false
      }
    ],
    "isTemplate": false,
    "count": 0,
    "updated": 0
  },
  {
    "id": "6029da09-1115-4d96-91a6-f6384243d38b",
    "data": [
      {
        "text": "yes",
        "userDefined": false
      }
    ],
    "isTemplate": false,
    "count": 1,
    "updated": 0
  },
  {
    "id": "0e89985d-ac30-4e5c-ad36-2cb73653648c",
    "data": [
      {
        "text": "why not",
        "userDefined": false
      }
    ],
    "isTemplate": false,
    "count": 0,
    "updated": 0
  },
  {
    "id": "7437998b-7cb6-4035-9853-8360ea128d4e",
    "data": [
      {
        "text": "of course",
        "userDefined": false
      }
    ],
    "isTemplate": false,
    "count": 0,
    "updated": 0
  },
  {
    "id": "24edb801-3216-4bb0-a0e7-f37175052505",
    "data": [
      {
        "text": "yep that\u0027s right",
        "userDefined": false
      }
    ],
    "isTemplate": false,
    "count": 1,
    "updated": 0
  },
  {
    "id": "04268b7e-c027-4d9b-ad5f-9b5037175d83",
    "data": [
      {
        "text": "okay I will",
        "userDefined": false
      }
    ],
    "isTemplate": false,
    "count": 2,
    "updated": 0
  },
  {
    "id": "21961833-942a-4b98-aed7-b3bff5bbaa50",
    "data": [
      {
        "text": "exactly",
        "userDefined": false
      }
    ],
    "isTemplate": false,
    "count": 1,
    "updated": 0
  },
  {
    "id": "b5f69372-2bee-4863-a232-fd04cf79de29",
    "data": [
      {
        "text": "sure why not",
        "userDefined": false
      }
    ],
    "isTemplate": false,
    "count": 0,
    "updated": 0
  },
  {
    "id": "12a6ce6f-138a-418e-8ac0-ec86a6161922",
    "data": [
      {
        "text": "absolutely",
        "userDefined": false
      }
    ],
    "isTemplate": false,
    "count": 1,
    "updated": 0
  },
  {
    "id": "e2563583-ac9d-406b-bad2-3203c707f775",
    "data": [
      {
        "text": "it\u0027s okay",
        "userDefined": false
      }
    ],
    "isTemplate": false,
    "count": 0,
    "updated": 0
  },
  {
    "id": "039317ca-2902-4824-8413-8a049a042ca5",
    "data": [
      {
        "text": "it\u0027s fine",
        "userDefined": false
      }
    ],
    "isTemplate": false,
    "count": 0,
    "updated": 0
  },
  {
    "id": "87859227-54e7-4e68-9717-f5c218ab54b5",
    "data": [
      {
        "text": "go ahead",
        "userDefined": false
      }
    ],
    "isTemplate": false,
    "count": 1,
    "updated": 0
  },
  {
    "id": "3e69d652-0db3-4326-a55f-b4f907c68d0f",
    "data": [
      {
        "text": "confirm",
        "userDefined": false
      }
    ],
    "isTemplate": false,
    "count": 1,
    "updated": 0
  },
  {
    "id": "c34ed4a6-5cd2-4601-ab3c-450ebf531ccb",
    "data": [
      {
        "text": "sounds good",
        "userDefined": false
      }
    ],
    "isTemplate": false,
    "count": 0,
    "updated": 0
  },
  {
    "id": "f341f974-5267-4656-a173-51bbf85a1f4c",
    "data": [
      {
        "text": "yes I want to know about precautions",
        "userDefined": false
      }
    ],
    "isTemplate": false,
    "count": 0,
    "updated": 0
  },
  {
    "id": "dca0f5bc-297a-4946-a0aa-d1e7a1b4614f",
    "data": [
      {
        "text": "alright",
        "userDefined": false
      }
    ],
    "isTemplate": false,
    "count": 0,
    "updated": 0
  },
  {
    "id": "3351ab85-6241-444a-b78a-8397ff710252",
    "data": [
      {
        "text": "yeah",
        "userDefined": false
      }
    ],
    "isTemplate": false,
    "count": 0,
    "updated": 0
  },
  {
    "id": "ddda810a-9cfe-4397-b155-208e370deb9d",
    "data": [
      {
        "text": "yup",
        "userDefined": false
      }
    ],
    "isTemplate": false,
    "count": 0,
    "updated": 0
  },
  {
    "id": "1c5f6ed9-5396-4de1-8df5-4ce497863033",
    "data": [
      {
        "text": "yes please",
        "userDefined": false
      }
    ],
    "isTemplate": false,
    "count": 0,
    "updated": 0
  },
  {
    "id": "568e8b39-08ca-48db-b68a-8a8f757b8729",
    "data": [
      {
        "text": "do it",
        "userDefined": false
      }
    ],
    "isTemplate": false,
    "count": 1,
    "updated": 0
  },
  {
    "id": "60768d9f-98ac-429b-adef-20548d740630",
    "data": [
      {
        "text": "yes I can",
        "userDefined": false
      }
    ],
    "isTemplate": false,
    "count": 0,
    "updated": 0
  },
  {
    "id": "73434c4e-6faf-4281-ac17-26458c2d75e3",
    "data": [
      {
        "text": "it looks perfect",
        "userDefined": false
      }
    ],
    "isTemplate": false,
    "count": 0,
    "updated": 0
  },
  {
    "id": "45731e4f-3486-47b1-b699-392470b636b1",
    "data": [
      {
        "text": "that\u0027s correct",
        "userDefined": false
      }
    ],
    "isTemplate": false,
    "count": 0,
    "updated": 0
  },
  {
    "id": "66414806-aa53-43f9-afb8-a5749d384a4b",
    "data": [
      {
        "text": "right",
        "userDefined": false
      }
    ],
    "isTemplate": false,
    "count": 0,
    "updated": 0
  },
  {
    "id": "e5882f01-653e-4960-b430-239781d64360",
    "data": [
      {
        "text": "alright why not",
        "userDefined": false
      }
    ],
    "isTemplate": false,
    "count": 0,
    "updated": 0
  },
  {
    "id": "fb689db6-ce34-45f0-ae0d-9dc370538e76",
    "data": [
      {
        "text": "yep",
        "userDefined": false
      }
    ],
    "isTemplate": false,
    "count": 0,
    "updated": 0
  }
]