[
  {
    "id": "7c14d62e-85d5-4dd2-88b0-75ff0ed2efbe",
    "data": [
      {
        "text": "हां भाई",
        "userDefined": false
      }
    ],
    "isTemplate": false,
    "count": 0,
    "updated": 0
  },
  {
    "id": "324b510a-90da-4b4e-9030-901f55bed905",
    "data": [
      {
        "text": "हां जी",
        "userDefined": false
      }
    ],
    "isTemplate": false,
    "count": 0,
    "updated": 0
  },
  {
    "id": "80c371be-16d6-4699-9748-5548901dbb03",
    "data": [
      {
        "text": "हां",
        "userDefined": false
      }
    ],
    "isTemplate": false,
    "count": 0,
    "updated": 0
  },
  {
    "id": "dfb7de3b-b016-4457-a9a6-f9c6fdc60234",
    "data": [
      {
        "text": "ठीक है",
        "userDefined": false
      }
    ],
    "isTemplate": false,
    "count": 0,
    "updated": 0
  },
  {
    "id": "c92ed9db-3aad-46be-81f4-132d3f9354d0",
    "data": [
      {
        "text": "ज़रूर",
        "userDefined": false
      }
    ],
    "isTemplate": false,
    "count": 0,
    "updated": 0
  },
  {
    "id": "ca88dea5-4c10-4737-8e25-8ecb46a9c2cc",
    "data": [
      {
        "text": "हाँ जी",
        "userDefined": false
      }
    ],
    "isTemplate": false,
    "count": 0,
    "updated": 0
  },
  {
    "id": "57a03859-cbd6-4d6f-9cdc-26a2b4d59d89",
    "data": [
      {
        "text": "\n मुझे डेंगू के निवारक उपायों के बारे में बताएं",
        "userDefined": false
      }
    ],
    "isTemplate": false,
    "count": 0,
    "updated": 0
  },
  {
    "id": "bf2acb3d-742b-4652-b2bf-948a8ce9b23b",
    "data": [
      {
        "text": "डेंगू से कैसे बचें",
        "userDefined": false
      }
    ],
    "isTemplate": false,
    "count": 0,
    "updated": 0
  },
  {
    "id": "b4d687ca-4882-4a29-a1d2-6d9f01440125",
    "data": [
      {
        "text": "डेंगू के निवारक उपाय",
        "userDefined": false
      }
    ],
    "isTemplate": false,
    "count": 0,
    "updated": 0
  },
  {
    "id": "946383de-8471-4241-bb2c-3ce8e7f69a2e",
    "data": [
      {
        "text": "डेंगू बुखार की सावधानियां",
        "userDefined": false
      }
    ],
    "isTemplate": false,
    "count": 0,
    "updated": 0
  },
  {
    "id": "54dc7a89-3175-4286-87bb-b9780a21d12d",
    "data": [
      {
        "text": "बिलकुल",
        "userDefined": false
      }
    ],
    "isTemplate": false,
    "count": 0,
    "updated": 0
  },
  {
    "id": "e15ea151-9b38-43f4-9135-5f89f870bf75",
    "data": [
      {
        "text": "यह सही है!",
        "userDefined": false
      }
    ],
    "isTemplate": false,
    "count": 0,
    "updated": 0
  },
  {
    "id": "47ed6746-9287-460d-822c-a1f1092edca8",
    "data": [
      {
        "text": "अच्छा लग रहा है",
        "userDefined": false
      }
    ],
    "isTemplate": false,
    "count": 0,
    "updated": 0
  },
  {
    "id": "0e1b59e4-6c71-49f2-911c-6419e85b7fbf",
    "data": [
      {
        "text": "अभी करो",
        "userDefined": false
      }
    ],
    "isTemplate": false,
    "count": 1,
    "updated": 0
  },
  {
    "id": "3ae1e539-b818-4beb-b65e-15bee6eaa0ec",
    "data": [
      {
        "text": "मैं सहमत हूँ",
        "userDefined": false
      }
    ],
    "isTemplate": false,
    "count": 0,
    "updated": 0
  },
  {
    "id": "5d7ece74-9166-402d-b826-6cb878886c15",
    "data": [
      {
        "text": "मुझे फ़र्क नहीं पड़ता",
        "userDefined": false
      }
    ],
    "isTemplate": false,
    "count": 0,
    "updated": 0
  },
  {
    "id": "179e00b8-904f-448d-a002-40a2db03616c",
    "data": [
      {
        "text": "बेशक",
        "userDefined": false
      }
    ],
    "isTemplate": false,
    "count": 0,
    "updated": 0
  },
  {
    "id": "5128a013-a324-44fb-b7f4-baa440efcb11",
    "data": [
      {
        "text": "पक्का ना",
        "userDefined": false
      }
    ],
    "isTemplate": false,
    "count": 0,
    "updated": 0
  },
  {
    "id": "8b128e4f-562e-4bd1-b5b1-dfa5497fdd4d",
    "data": [
      {
        "text": "हाँ",
        "userDefined": true
      }
    ],
    "isTemplate": false,
    "count": 0,
    "updated": 0
  }
]