[
  {
    "id": "85e2452c-cd74-47c5-bbe6-a7944f745110",
    "data": [
      {
        "text": "sing some rhymes",
        "userDefined": false
      }
    ],
    "isTemplate": false,
    "count": 0,
    "updated": 0
  },
  {
    "id": "8aa24c9c-2ce4-4d59-9ffc-346075130250",
    "data": [
      {
        "text": "I want to listen to some rhymes",
        "userDefined": false
      }
    ],
    "isTemplate": false,
    "count": 0,
    "updated": 0
  },
  {
    "id": "ef424db0-015c-4a5c-a394-f5ee0c454f9e",
    "data": [
      {
        "text": "tell me some nursery rhymes",
        "userDefined": false
      }
    ],
    "isTemplate": false,
    "count": 0,
    "updated": 0
  }
]