[
  {
    "id": "17f28e6e-f31d-4550-9efc-9f5b2826fa3b",
    "data": [
      {
        "text": "How do you know that someone has kal azar?",
        "userDefined": false
      }
    ],
    "isTemplate": false,
    "count": 0,
    "updated": 0
  },
  {
    "id": "c3ec3ff2-2884-4b10-a200-ad335c75f99b",
    "data": [
      {
        "text": "How do I know I have ",
        "userDefined": false
      },
      {
        "text": "kala azar",
        "alias": "diseases",
        "meta": "@diseases",
        "userDefined": false
      }
    ],
    "isTemplate": false,
    "count": 0,
    "updated": 0
  },
  {
    "id": "53792ede-0a25-43ca-9b91-bca7e72229bb",
    "data": [
      {
        "text": "causes of ",
        "userDefined": false
      },
      {
        "text": "kala azar",
        "alias": "diseases",
        "meta": "@diseases",
        "userDefined": false
      }
    ],
    "isTemplate": false,
    "count": 0,
    "updated": 0
  },
  {
    "id": "52a298cc-91bd-42e1-9f1b-912c5d83f12c",
    "data": [
      {
        "text": "symptoms of ",
        "userDefined": false
      },
      {
        "text": "kala azar",
        "alias": "diseases",
        "meta": "@diseases",
        "userDefined": false
      }
    ],
    "isTemplate": false,
    "count": 0,
    "updated": 0
  },
  {
    "id": "e01ab446-654a-4ead-a1b1-71ca03d1df8e",
    "data": [
      {
        "text": "info on ",
        "userDefined": false
      },
      {
        "text": "kala azar",
        "alias": "diseases",
        "meta": "@diseases",
        "userDefined": false
      }
    ],
    "isTemplate": false,
    "count": 0,
    "updated": 0
  },
  {
    "id": "15b46cea-e372-43cd-b81c-043ec08a4bee",
    "data": [
      {
        "text": "tell me about ",
        "userDefined": false
      },
      {
        "text": "kala azar",
        "alias": "diseases",
        "meta": "@diseases",
        "userDefined": false
      }
    ],
    "isTemplate": false,
    "count": 0,
    "updated": 0
  },
  {
    "id": "df642bd8-70aa-4dbd-aaa0-24587e3fc0df",
    "data": [
      {
        "text": "what is ",
        "userDefined": false
      },
      {
        "text": "kala azar",
        "alias": "diseases",
        "meta": "@diseases",
        "userDefined": false
      }
    ],
    "isTemplate": false,
    "count": 0,
    "updated": 0
  },
  {
    "id": "708584b2-1705-43a2-8860-19c6411c073a",
    "data": [
      {
        "text": "kala azar",
        "alias": "diseases",
        "meta": "@diseases",
        "userDefined": false
      }
    ],
    "isTemplate": false,
    "count": 0,
    "updated": 0
  }
]