[
  {
    "id": "0ded5826-b295-4a8c-b1dc-aebb067be545",
    "data": [
      {
        "text": "malaria",
        "alias": "diseases",
        "meta": "@diseases",
        "userDefined": false
      }
    ],
    "isTemplate": false,
    "count": 0,
    "updated": 0
  },
  {
    "id": "84a3cbb5-63f3-4289-892e-8bd50aa78569",
    "data": [
      {
        "text": "How do I know I have ",
        "userDefined": false
      },
      {
        "text": "malaria",
        "alias": "diseases",
        "meta": "@diseases",
        "userDefined": false
      }
    ],
    "isTemplate": false,
    "count": 0,
    "updated": 0
  },
  {
    "id": "13429aa7-e0f0-471e-8fcb-87e82b5ef2ad",
    "data": [
      {
        "text": "causes of ",
        "userDefined": false
      },
      {
        "text": "malaria",
        "alias": "diseases",
        "meta": "@diseases",
        "userDefined": false
      }
    ],
    "isTemplate": false,
    "count": 0,
    "updated": 0
  },
  {
    "id": "93cb3a86-abdc-4c8c-addf-484143a5de47",
    "data": [
      {
        "text": "symptoms of ",
        "userDefined": false
      },
      {
        "text": "malaria",
        "alias": "diseases",
        "meta": "@diseases",
        "userDefined": false
      }
    ],
    "isTemplate": false,
    "count": 0,
    "updated": 0
  },
  {
    "id": "6ea491d5-675f-4035-920d-6150f8519832",
    "data": [
      {
        "text": "info on ",
        "userDefined": false
      },
      {
        "text": "malaria",
        "alias": "diseases",
        "meta": "@diseases",
        "userDefined": false
      }
    ],
    "isTemplate": false,
    "count": 0,
    "updated": 0
  },
  {
    "id": "c96b6803-5895-4778-8d0d-01e35acc82df",
    "data": [
      {
        "text": "tell me about ",
        "userDefined": false
      },
      {
        "text": "malaria",
        "alias": "diseases",
        "meta": "@diseases",
        "userDefined": false
      }
    ],
    "isTemplate": false,
    "count": 0,
    "updated": 0
  },
  {
    "id": "bc74b0de-711b-4cdc-9eeb-8008fee54a82",
    "data": [
      {
        "text": "what is ",
        "userDefined": false
      },
      {
        "text": "malaria",
        "alias": "diseases",
        "meta": "@diseases",
        "userDefined": false
      }
    ],
    "isTemplate": false,
    "count": 0,
    "updated": 0
  }
]