[
  {
    "id": "1655dd71-d278-4f48-a7e5-0afa3c75daeb",
    "data": [
      {
        "text": "measles",
        "alias": "diseases",
        "meta": "@diseases",
        "userDefined": false
      }
    ],
    "isTemplate": false,
    "count": 0,
    "updated": 0
  },
  {
    "id": "a1a7e65f-6ac7-4488-8e80-9410ea315594",
    "data": [
      {
        "text": "causes of ",
        "userDefined": false
      },
      {
        "text": "measles",
        "alias": "diseases",
        "meta": "@diseases",
        "userDefined": false
      }
    ],
    "isTemplate": false,
    "count": 0,
    "updated": 0
  },
  {
    "id": "c680c67c-391a-4241-bde3-5355fcde0d59",
    "data": [
      {
        "text": "How can I know I have ",
        "userDefined": false
      },
      {
        "text": "measles",
        "alias": "diseases",
        "meta": "@diseases",
        "userDefined": false
      }
    ],
    "isTemplate": false,
    "count": 0,
    "updated": 0
  },
  {
    "id": "f0385232-5432-4ec5-8129-d11d23187ecf",
    "data": [
      {
        "text": "symptoms of ",
        "userDefined": false
      },
      {
        "text": "measles",
        "alias": "diseases",
        "meta": "@diseases",
        "userDefined": false
      }
    ],
    "isTemplate": false,
    "count": 0,
    "updated": 0
  },
  {
    "id": "793d65cb-27ee-4fa0-a183-5b4f743d256e",
    "data": [
      {
        "text": "tell me about ",
        "userDefined": false
      },
      {
        "text": "measles",
        "alias": "diseases",
        "meta": "@diseases",
        "userDefined": false
      }
    ],
    "isTemplate": false,
    "count": 0,
    "updated": 0
  },
  {
    "id": "db96afaa-cc59-4f31-8ca2-465006246695",
    "data": [
      {
        "text": "info on ",
        "userDefined": false
      },
      {
        "text": "measles",
        "alias": "diseases",
        "meta": "@diseases",
        "userDefined": false
      }
    ],
    "isTemplate": false,
    "count": 0,
    "updated": 0
  },
  {
    "id": "19f355df-c514-41b2-84f0-3fef9a47e51f",
    "data": [
      {
        "text": "what is ",
        "userDefined": false
      },
      {
        "text": "measles",
        "alias": "diseases",
        "meta": "@diseases",
        "userDefined": false
      }
    ],
    "isTemplate": false,
    "count": 0,
    "updated": 0
  }
]