[
  {
    "id": "ad20ebb7-44f2-4795-ba40-be0d2443155b",
    "data": [
      {
        "text": "give me some ",
        "userDefined": false
      },
      {
        "text": "menstrual hygiene",
        "alias": "menstrualhygiene",
        "meta": "@menstrualhygiene",
        "userDefined": false
      },
      {
        "text": " tips",
        "userDefined": false
      }
    ],
    "isTemplate": false,
    "count": 0,
    "updated": 0
  },
  {
    "id": "9923ab84-564c-4144-b7b6-91c92fa36b4b",
    "data": [
      {
        "text": "can I know about ",
        "userDefined": false
      },
      {
        "text": "menstrual hygiene",
        "alias": "menstrualhygiene",
        "meta": "@menstrualhygiene",
        "userDefined": false
      },
      {
        "text": "?",
        "userDefined": false
      }
    ],
    "isTemplate": false,
    "count": 0,
    "updated": 0
  },
  {
    "id": "a9842d2c-333b-499f-8f18-4d4f63dc66c7",
    "data": [
      {
        "text": "what is ",
        "userDefined": false
      },
      {
        "text": "menstrual hygiene",
        "alias": "menstrualhygiene",
        "meta": "@menstrualhygiene",
        "userDefined": false
      }
    ],
    "isTemplate": false,
    "count": 0,
    "updated": 0
  },
  {
    "id": "a2157f98-f1a3-4f82-9258-19df865737eb",
    "data": [
      {
        "text": "menstrual hygiene",
        "alias": "menstrualhygiene",
        "meta": "@menstrualhygiene",
        "userDefined": false
      }
    ],
    "isTemplate": false,
    "count": 0,
    "updated": 0
  },
  {
    "id": "4d1848ff-177c-4d64-96e1-fc7e90f30d02",
    "data": [
      {
        "text": "info about ",
        "userDefined": false
      },
      {
        "text": "menstrual hygiene",
        "alias": "menstrualhygiene",
        "meta": "@menstrualhygiene",
        "userDefined": false
      }
    ],
    "isTemplate": false,
    "count": 0,
    "updated": 0
  },
  {
    "id": "55331a24-429d-4c2b-853b-539fe5ecb56e",
    "data": [
      {
        "text": "tell me about ",
        "userDefined": false
      },
      {
        "text": "menstrual hygiene",
        "alias": "menstrualhygiene",
        "meta": "@menstrualhygiene",
        "userDefined": false
      }
    ],
    "isTemplate": false,
    "count": 0,
    "updated": 0
  },
  {
    "id": "0981f932-1a10-4a00-80f1-f575728a3f27",
    "data": [
      {
        "text": "Information about ",
        "userDefined": false
      },
      {
        "text": "menstrual hygiene",
        "alias": "menstrualhygiene",
        "meta": "@menstrualhygiene",
        "userDefined": true
      }
    ],
    "isTemplate": false,
    "count": 0,
    "updated": 0
  },
  {
    "id": "3759f35c-2427-4606-829b-77a8741caaa1",
    "data": [
      {
        "text": "I want to know about ",
        "userDefined": false
      },
      {
        "text": "menstrual hygiene",
        "alias": "menstrualhygiene",
        "meta": "@menstrualhygiene",
        "userDefined": true
      }
    ],
    "isTemplate": false,
    "count": 0,
    "updated": 0
  },
  {
    "id": "b795fc4e-436d-4f72-b764-2d17b08005ae",
    "data": [
      {
        "text": "Can you give me information about ",
        "userDefined": false
      },
      {
        "text": "menstrual hygiene",
        "alias": "menstrualhygiene",
        "meta": "@menstrualhygiene",
        "userDefined": true
      }
    ],
    "isTemplate": false,
    "count": 0,
    "updated": 0
  }
]