[
  {
    "id": "176b2d68-517a-4c13-afb9-741f22db0f7d",
    "data": [
      {
        "text": "How do I know I have ",
        "userDefined": false
      },
      {
        "text": "muscular pain",
        "alias": "diseases",
        "meta": "@diseases",
        "userDefined": false
      },
      {
        "text": "?",
        "userDefined": false
      }
    ],
    "isTemplate": false,
    "count": 0,
    "updated": 0
  },
  {
    "id": "3a467fe1-34b2-4c39-8760-5f4d6c19c26e",
    "data": [
      {
        "text": "symptoms of ",
        "userDefined": false
      },
      {
        "text": "muscular pain",
        "alias": "diseases",
        "meta": "@diseases",
        "userDefined": false
      }
    ],
    "isTemplate": false,
    "count": 0,
    "updated": 0
  },
  {
    "id": "2c1b0d28-e3d2-4eff-8524-05a9d14c192c",
    "data": [
      {
        "text": "causes of ",
        "userDefined": false
      },
      {
        "text": "muscular pain",
        "alias": "diseases",
        "meta": "@diseases",
        "userDefined": false
      }
    ],
    "isTemplate": false,
    "count": 0,
    "updated": 0
  },
  {
    "id": "09a3da78-394b-4448-b44b-9097134878ae",
    "data": [
      {
        "text": "tell me about ",
        "userDefined": false
      },
      {
        "text": "muscular pain",
        "alias": "diseases",
        "meta": "@diseases",
        "userDefined": false
      }
    ],
    "isTemplate": false,
    "count": 0,
    "updated": 0
  },
  {
    "id": "4edcd0e0-783e-4ddc-be2c-f34390635b5c",
    "data": [
      {
        "text": "info on ",
        "userDefined": false
      },
      {
        "text": "muscular pain",
        "alias": "diseases",
        "meta": "@diseases",
        "userDefined": false
      }
    ],
    "isTemplate": false,
    "count": 0,
    "updated": 0
  },
  {
    "id": "41f0c20f-b97f-45ac-a0c5-2acec37e7fb6",
    "data": [
      {
        "text": "what is ",
        "userDefined": false
      },
      {
        "text": "muscular pain",
        "alias": "diseases",
        "meta": "@diseases",
        "userDefined": false
      }
    ],
    "isTemplate": false,
    "count": 0,
    "updated": 0
  },
  {
    "id": "9de3a1a2-ddd6-4284-8a86-f44a540d425a",
    "data": [
      {
        "text": "muscular pain",
        "alias": "diseases",
        "meta": "@diseases",
        "userDefined": false
      }
    ],
    "isTemplate": false,
    "count": 0,
    "updated": 0
  }
]