[
  {
    "id": "14e871e8-20be-4aa9-8008-4d86efdecb77",
    "data": [
      {
        "text": "हां भाई",
        "userDefined": false
      }
    ],
    "isTemplate": false,
    "count": 0,
    "updated": 0
  },
  {
    "id": "e91ca5bf-f3f4-4dc8-bc0b-ddacbf71a330",
    "data": [
      {
        "text": " हां जी",
        "userDefined": false
      }
    ],
    "isTemplate": false,
    "count": 0,
    "updated": 0
  },
  {
    "id": "83bad1ee-495d-45ae-b4a3-1a1b5155c474",
    "data": [
      {
        "text": "हां",
        "userDefined": false
      }
    ],
    "isTemplate": false,
    "count": 0,
    "updated": 0
  },
  {
    "id": "112574b4-f2dc-43f9-8125-51c0d69a44cb",
    "data": [
      {
        "text": "हा",
        "userDefined": false
      }
    ],
    "isTemplate": false,
    "count": 0,
    "updated": 0
  },
  {
    "id": "ab23db16-d3e3-4f96-bafd-20fc42ee8fa2",
    "data": [
      {
        "text": "ठीक है",
        "userDefined": false
      }
    ],
    "isTemplate": false,
    "count": 0,
    "updated": 0
  },
  {
    "id": "e00afe97-2898-4d40-bfad-8673ab92c11e",
    "data": [
      {
        "text": "ज़रूर",
        "userDefined": false
      }
    ],
    "isTemplate": false,
    "count": 0,
    "updated": 0
  },
  {
    "id": "68a63243-c836-45d5-812f-4537cbdb4393",
    "data": [
      {
        "text": "हाँ जी",
        "userDefined": false
      }
    ],
    "isTemplate": false,
    "count": 0,
    "updated": 0
  },
  {
    "id": "f591040d-bb67-4a50-9fd6-3c27a49b413c",
    "data": [
      {
        "text": "परामर्श सत्र",
        "userDefined": false
      }
    ],
    "isTemplate": false,
    "count": 0,
    "updated": 0
  },
  {
    "id": "2042531f-8c16-441e-a8cc-420ffff075e1",
    "data": [
      {
        "text": "काउंसलिंग सत्र",
        "userDefined": false
      }
    ],
    "isTemplate": false,
    "count": 0,
    "updated": 0
  },
  {
    "id": "1668515a-3bd5-42f0-9fb8-ddb7513188a0",
    "data": [
      {
        "text": " काउंसलिंग",
        "userDefined": false
      }
    ],
    "isTemplate": false,
    "count": 0,
    "updated": 0
  },
  {
    "id": "fc6a1795-f381-45ba-bd4c-b65dc888bf6e",
    "data": [
      {
        "text": "हाँ",
        "userDefined": false
      }
    ],
    "isTemplate": false,
    "count": 0,
    "updated": 0
  }
]