[
  {
    "id": "3aeaedfb-60a3-4fd9-b0d0-5f05ed30dbd3",
    "data": [
      {
        "text": " हां",
        "userDefined": false
      }
    ],
    "isTemplate": false,
    "count": 0,
    "updated": 0
  },
  {
    "id": "bf688765-1432-4c81-b27d-12ba22910d3e",
    "data": [
      {
        "text": "हां जी",
        "userDefined": false
      }
    ],
    "isTemplate": false,
    "count": 0,
    "updated": 0
  },
  {
    "id": "ac8b6060-f9a4-4600-a170-e7384ac0ca63",
    "data": [
      {
        "text": "\n ठीक है",
        "userDefined": false
      }
    ],
    "isTemplate": false,
    "count": 0,
    "updated": 0
  },
  {
    "id": "9a9f6a66-4ac2-46d9-b751-0ce0ef41ba95",
    "data": [
      {
        "text": "ज़रूर",
        "userDefined": false
      }
    ],
    "isTemplate": false,
    "count": 0,
    "updated": 0
  },
  {
    "id": "a4bb752b-6231-4aac-9dfe-2dae0bed1514",
    "data": [
      {
        "text": "हाँ जी",
        "userDefined": false
      }
    ],
    "isTemplate": false,
    "count": 0,
    "updated": 0
  },
  {
    "id": "232ef47b-f10a-4df7-a4f9-988566a0483d",
    "data": [
      {
        "text": "हाँ",
        "userDefined": false
      }
    ],
    "isTemplate": false,
    "count": 0,
    "updated": 0
  },
  {
    "id": "829a1eeb-1947-472e-9c1c-041f3e26f272",
    "data": [
      {
        "text": "हा",
        "userDefined": false
      }
    ],
    "isTemplate": false,
    "count": 0,
    "updated": 0
  }
]