[
  {
    "id": "69b382c5-0cbd-4882-8ac3-9f232647cbd0",
    "data": [
      {
        "text": "5",
        "alias": "number",
        "meta": "@sys.number",
        "userDefined": true
      }
    ],
    "isTemplate": false,
    "count": 0,
    "updated": 0
  },
  {
    "id": "4612e52e-3c86-45c3-98e3-6bcf43b4d350",
    "data": [
      {
        "text": "मैं ",
        "userDefined": false
      },
      {
        "text": "1",
        "alias": "number",
        "meta": "@sys.number",
        "userDefined": true
      },
      {
        "text": " महीना गर्भवती हूं",
        "userDefined": false
      }
    ],
    "isTemplate": false,
    "count": 0,
    "updated": 0
  },
  {
    "id": "3018d2ed-14c1-4d45-ab14-f88ebb437c3d",
    "data": [
      {
        "text": " 3",
        "alias": "number",
        "meta": "@sys.number",
        "userDefined": true
      },
      {
        "text": " महीना",
        "userDefined": false
      }
    ],
    "isTemplate": false,
    "count": 0,
    "updated": 0
  },
  {
    "id": "d63f6c4c-aef5-4ecf-b7a2-fd3a6511f47b",
    "data": [
      {
        "text": "मैं ",
        "userDefined": false
      },
      {
        "text": "1",
        "alias": "number",
        "meta": "@sys.number",
        "userDefined": true
      },
      {
        "text": " महीने की गर्भवती हूं",
        "userDefined": false
      }
    ],
    "isTemplate": false,
    "count": 0,
    "updated": 0
  }
]