[
  {
    "id": "09b3b82b-34c7-43dc-acdd-8a98fc8aecd1",
    "data": [
      {
        "text": "yes why not",
        "userDefined": false
      }
    ],
    "isTemplate": false,
    "count": 0,
    "updated": 0
  },
  {
    "id": "ccf2e65e-f965-43e9-962b-d29d163c956c",
    "data": [
      {
        "text": "yes sure",
        "userDefined": false
      }
    ],
    "isTemplate": false,
    "count": 0,
    "updated": 0
  },
  {
    "id": "a21cca33-59b5-4372-b81b-8599afe6cd28",
    "data": [
      {
        "text": "ya please",
        "userDefined": false
      }
    ],
    "isTemplate": false,
    "count": 0,
    "updated": 0
  },
  {
    "id": "fcaae8f8-6c83-4442-becc-abab02e0657d",
    "data": [
      {
        "text": "yes okay",
        "userDefined": false
      }
    ],
    "isTemplate": false,
    "count": 0,
    "updated": 0
  },
  {
    "id": "14a34ef9-79f4-4ce6-b677-7e8de6bedd81",
    "data": [
      {
        "text": "ya okay",
        "userDefined": false
      }
    ],
    "isTemplate": false,
    "count": 0,
    "updated": 0
  },
  {
    "id": "4d617c68-d791-42ab-ac2d-e98192aa0050",
    "data": [
      {
        "text": "yup",
        "userDefined": false
      }
    ],
    "isTemplate": false,
    "count": 0,
    "updated": 0
  },
  {
    "id": "bdba8ee5-bf7e-45e7-a913-175875f21b44",
    "data": [
      {
        "text": "yeah",
        "userDefined": false
      }
    ],
    "isTemplate": false,
    "count": 0,
    "updated": 0
  },
  {
    "id": "b29bd09d-ec1b-4404-8c54-c42c25357e10",
    "data": [
      {
        "text": "Yes",
        "userDefined": false
      }
    ],
    "isTemplate": false,
    "count": 0,
    "updated": 0
  }
]