[
  {
    "id": "0a89dd2a-b9fe-4f8b-bd54-88b7a6e2e1ff",
    "data": [
      {
        "text": "हा",
        "userDefined": false
      }
    ],
    "isTemplate": false,
    "count": 0,
    "updated": 0
  },
  {
    "id": "ce760c5d-2609-49a5-99f0-33bd45c399cc",
    "data": [
      {
        "text": "हाँ जी",
        "userDefined": false
      }
    ],
    "isTemplate": false,
    "count": 0,
    "updated": 0
  },
  {
    "id": "295b74a8-9daa-441b-ab78-b0f2091376a6",
    "data": [
      {
        "text": "ज़रूर",
        "userDefined": false
      }
    ],
    "isTemplate": false,
    "count": 0,
    "updated": 0
  },
  {
    "id": "0f3e3002-1109-4272-9736-24cf4aeea92a",
    "data": [
      {
        "text": "ठीक है",
        "userDefined": false
      }
    ],
    "isTemplate": false,
    "count": 0,
    "updated": 0
  },
  {
    "id": "989fc75e-5538-4459-a884-0720407728f2",
    "data": [
      {
        "text": " हां जी",
        "userDefined": false
      }
    ],
    "isTemplate": false,
    "count": 0,
    "updated": 0
  },
  {
    "id": "07729332-8124-48e9-aade-3a2bb61a963e",
    "data": [
      {
        "text": "हां",
        "userDefined": false
      }
    ],
    "isTemplate": false,
    "count": 0,
    "updated": 0
  }
]