[
  {
    "id": "874ce54c-d45f-49f3-b800-83ba86c49aa9",
    "data": [
      {
        "text": "not right now",
        "userDefined": false
      }
    ],
    "isTemplate": false,
    "count": 0,
    "updated": 0
  },
  {
    "id": "9eb0c2df-7093-4c54-b35b-742bead5c2c3",
    "data": [
      {
        "text": "thanks but no",
        "userDefined": false
      }
    ],
    "isTemplate": false,
    "count": 0,
    "updated": 0
  },
  {
    "id": "5d488461-6ed3-4737-985a-e89c1d7dc672",
    "data": [
      {
        "text": "nope",
        "userDefined": false
      }
    ],
    "isTemplate": false,
    "count": 0,
    "updated": 0
  },
  {
    "id": "4cf13c98-709f-491f-9572-89062cc71e6c",
    "data": [
      {
        "text": "naah",
        "userDefined": false
      }
    ],
    "isTemplate": false,
    "count": 0,
    "updated": 0
  },
  {
    "id": "2150a334-e2c5-4bf4-9ea3-60f7f8252522",
    "data": [
      {
        "text": "no thanks",
        "userDefined": false
      }
    ],
    "isTemplate": false,
    "count": 0,
    "updated": 0
  },
  {
    "id": "6e5c7b9b-44e3-42c2-b731-68d66e0168b5",
    "data": [
      {
        "text": "no its okay",
        "userDefined": false
      }
    ],
    "isTemplate": false,
    "count": 1,
    "updated": 0
  },
  {
    "id": "4e50a355-da73-4380-9ff8-cfd2fd86d088",
    "data": [
      {
        "text": "no",
        "userDefined": false
      }
    ],
    "isTemplate": false,
    "count": 0,
    "updated": 0
  }
]