[
  {
    "id": "e9fad5cd-38ba-40da-b2d8-aa463581aed7",
    "data": [
      {
        "text": "snake bite",
        "alias": "diseases",
        "meta": "@diseases",
        "userDefined": false
      }
    ],
    "isTemplate": false,
    "count": 1,
    "updated": 0
  },
  {
    "id": "34b7d85d-5d69-48f5-8281-1cff1e21917a",
    "data": [
      {
        "text": "info on ",
        "userDefined": false
      },
      {
        "text": "snake bite",
        "alias": "diseases",
        "meta": "@diseases",
        "userDefined": false
      }
    ],
    "isTemplate": false,
    "count": 0,
    "updated": 0
  },
  {
    "id": "75b2905a-c4f0-41f7-adfd-42c9b19efb05",
    "data": [
      {
        "text": "how do I know I have ",
        "userDefined": false
      },
      {
        "text": "snake bite",
        "alias": "diseases",
        "meta": "@diseases",
        "userDefined": false
      }
    ],
    "isTemplate": false,
    "count": 0,
    "updated": 0
  },
  {
    "id": "6796f13e-3455-4800-afb1-f53cd21a1fa6",
    "data": [
      {
        "text": "what are the symptoms of ",
        "userDefined": false
      },
      {
        "text": "snake bite",
        "alias": "diseases",
        "meta": "@diseases",
        "userDefined": false
      }
    ],
    "isTemplate": false,
    "count": 0,
    "updated": 0
  },
  {
    "id": "391a10a8-45dc-40a7-beb6-e6e155d50f1f",
    "data": [
      {
        "text": "symptoms of ",
        "userDefined": false
      },
      {
        "text": "snake bite",
        "alias": "diseases",
        "meta": "@diseases",
        "userDefined": false
      }
    ],
    "isTemplate": false,
    "count": 0,
    "updated": 0
  },
  {
    "id": "d537a5ea-7a53-46c1-a35d-045360681f73",
    "data": [
      {
        "text": "tell me about ",
        "userDefined": false
      },
      {
        "text": "snake bite",
        "alias": "diseases",
        "meta": "@diseases",
        "userDefined": false
      }
    ],
    "isTemplate": false,
    "count": 0,
    "updated": 0
  },
  {
    "id": "293f2275-1d2b-4328-8caa-b42a01755541",
    "data": [
      {
        "text": "what is ",
        "userDefined": false
      },
      {
        "text": "snake bite",
        "alias": "diseases",
        "meta": "@diseases",
        "userDefined": false
      }
    ],
    "isTemplate": false,
    "count": 0,
    "updated": 0
  }
]