[
  {
    "id": "9676f3fb-638c-44a6-beea-1d330e26205f",
    "data": [
      {
        "text": "i want to know about the preventive measures of ",
        "userDefined": false
      },
      {
        "text": "tuberculosis",
        "alias": "diseases",
        "meta": "@diseases",
        "userDefined": false
      }
    ],
    "isTemplate": false,
    "count": 0,
    "updated": 0
  },
  {
    "id": "f10e32ec-d636-486b-94f2-3adec732b635",
    "data": [
      {
        "text": "what are the preventive measures of ",
        "userDefined": false
      },
      {
        "text": "tb",
        "alias": "diseases",
        "meta": "@diseases",
        "userDefined": false
      }
    ],
    "isTemplate": false,
    "count": 0,
    "updated": 0
  },
  {
    "id": "6513beb2-920e-4976-8c63-8805038cb427",
    "data": [
      {
        "text": "what are the preventive measures of ",
        "userDefined": false
      },
      {
        "text": "tuberculosis",
        "alias": "diseases",
        "meta": "@diseases",
        "userDefined": false
      },
      {
        "text": "?",
        "userDefined": false
      }
    ],
    "isTemplate": false,
    "count": 0,
    "updated": 0
  },
  {
    "id": "cc827199-2e68-493c-8aa5-243ffc617c51",
    "data": [
      {
        "text": "tell me some precautions of ",
        "userDefined": false
      },
      {
        "text": "tb",
        "alias": "diseases",
        "meta": "@diseases",
        "userDefined": false
      }
    ],
    "isTemplate": false,
    "count": 0,
    "updated": 0
  },
  {
    "id": "9d586fe3-a09d-4227-9f15-7ad369a3847e",
    "data": [
      {
        "text": "i want to know ",
        "userDefined": false
      },
      {
        "text": "tuberculosis",
        "alias": "diseases",
        "meta": "@diseases",
        "userDefined": false
      },
      {
        "text": " preventive measure",
        "userDefined": false
      }
    ],
    "isTemplate": false,
    "count": 0,
    "updated": 0
  },
  {
    "id": "93a57064-d6ff-4be9-a841-bf51005cd2bc",
    "data": [
      {
        "text": "tell me about preventive measures of ",
        "userDefined": false
      },
      {
        "text": "tb",
        "alias": "diseases",
        "meta": "@diseases",
        "userDefined": false
      }
    ],
    "isTemplate": false,
    "count": 0,
    "updated": 0
  },
  {
    "id": "5eae07c3-7ada-4fdd-be7b-b969b93c2c2a",
    "data": [
      {
        "text": "precautions of ",
        "userDefined": false
      },
      {
        "text": "tuberculosis",
        "alias": "diseases",
        "meta": "@diseases",
        "userDefined": false
      }
    ],
    "isTemplate": false,
    "count": 0,
    "updated": 0
  },
  {
    "id": "0963a962-6dab-4469-81a7-ccf01a7649a7",
    "data": [
      {
        "text": "prevention of ",
        "userDefined": false
      },
      {
        "text": "tb",
        "alias": "diseases",
        "meta": "@diseases",
        "userDefined": false
      }
    ],
    "isTemplate": false,
    "count": 0,
    "updated": 0
  },
  {
    "id": "2622bb11-8059-4b5f-9424-6ad93df9db2f",
    "data": [
      {
        "text": "yes",
        "userDefined": false
      }
    ],
    "isTemplate": false,
    "count": 1,
    "updated": 0
  },
  {
    "id": "edb8af12-c42a-4a79-b193-1a9317d52ed1",
    "data": [
      {
        "text": "sure",
        "userDefined": false
      }
    ],
    "isTemplate": false,
    "count": 2,
    "updated": 0
  },
  {
    "id": "707a52f5-e0d0-48a3-9603-6d8151a224d9",
    "data": [
      {
        "text": "okay",
        "userDefined": false
      }
    ],
    "isTemplate": false,
    "count": 1,
    "updated": 0
  },
  {
    "id": "6c90ecb4-f019-493d-8613-08001d4b134c",
    "data": [
      {
        "text": "sounds correct",
        "userDefined": false
      }
    ],
    "isTemplate": false,
    "count": 1,
    "updated": 0
  },
  {
    "id": "2ac96bf5-6a87-42cb-af2b-65d6939d3705",
    "data": [
      {
        "text": "that works",
        "userDefined": false
      }
    ],
    "isTemplate": false,
    "count": 0,
    "updated": 0
  },
  {
    "id": "bbd2c32e-b530-44a2-ba3f-567b9402ea57",
    "data": [
      {
        "text": "yep that\u0027s ok",
        "userDefined": false
      }
    ],
    "isTemplate": false,
    "count": 0,
    "updated": 0
  },
  {
    "id": "ab370577-f6df-4220-865d-05eb403c365a",
    "data": [
      {
        "text": "yes that\u0027s alright",
        "userDefined": false
      }
    ],
    "isTemplate": false,
    "count": 0,
    "updated": 0
  },
  {
    "id": "891fa79e-c8eb-4bd6-be31-5e4065d43c4c",
    "data": [
      {
        "text": "I think so",
        "userDefined": false
      }
    ],
    "isTemplate": false,
    "count": 0,
    "updated": 0
  },
  {
    "id": "d2aad86e-6bad-4e6c-8a2b-27c5bde46b09",
    "data": [
      {
        "text": "sg",
        "userDefined": false
      }
    ],
    "isTemplate": false,
    "count": 0,
    "updated": 0
  },
  {
    "id": "bf32d40f-8a14-458b-a757-6c90165a79c1",
    "data": [
      {
        "text": "yes I agree",
        "userDefined": false
      }
    ],
    "isTemplate": false,
    "count": 1,
    "updated": 0
  },
  {
    "id": "a7f95aa6-8f6a-4eb9-a54f-ec78e00dae1d",
    "data": [
      {
        "text": "I don\u0027t mind",
        "userDefined": false
      }
    ],
    "isTemplate": false,
    "count": 3,
    "updated": 0
  },
  {
    "id": "9bd062ca-55b4-4ea2-8255-073b4747d913",
    "data": [
      {
        "text": "I agree",
        "userDefined": false
      }
    ],
    "isTemplate": false,
    "count": 2,
    "updated": 0
  },
  {
    "id": "c683c9a8-7d08-4f8f-ab4e-413c4152da92",
    "data": [
      {
        "text": "yes I do",
        "userDefined": false
      }
    ],
    "isTemplate": false,
    "count": 0,
    "updated": 0
  },
  {
    "id": "f4db03c6-5330-4095-9070-ed94ff379525",
    "data": [
      {
        "text": "for sure",
        "userDefined": false
      }
    ],
    "isTemplate": false,
    "count": 0,
    "updated": 0
  },
  {
    "id": "354f5a0b-785b-40c9-97b4-a90933cf737e",
    "data": [
      {
        "text": "ok",
        "userDefined": false
      }
    ],
    "isTemplate": false,
    "count": 1,
    "updated": 0
  },
  {
    "id": "5ab5e8f6-9f3c-4a31-a0ea-1605d2c789c8",
    "data": [
      {
        "text": "yes that\u0027t ok",
        "userDefined": false
      }
    ],
    "isTemplate": false,
    "count": 0,
    "updated": 0
  },
  {
    "id": "ecda1019-79cf-4667-bfce-3e3f2e3efaa5",
    "data": [
      {
        "text": "that one works",
        "userDefined": false
      }
    ],
    "isTemplate": false,
    "count": 0,
    "updated": 0
  },
  {
    "id": "c1a4b023-fd79-43d0-96a8-42e82a398c3b",
    "data": [
      {
        "text": "yes you can do it",
        "userDefined": false
      }
    ],
    "isTemplate": false,
    "count": 0,
    "updated": 0
  },
  {
    "id": "225e75ea-d616-48c9-b906-315c6c45f2ab",
    "data": [
      {
        "text": "perfect",
        "userDefined": false
      }
    ],
    "isTemplate": false,
    "count": 1,
    "updated": 0
  },
  {
    "id": "a39775b5-3f8c-417c-9457-ac79dddb644d",
    "data": [
      {
        "text": "why not",
        "userDefined": false
      }
    ],
    "isTemplate": false,
    "count": 0,
    "updated": 0
  },
  {
    "id": "67d10006-8964-408e-9f28-d1d5f7133c7d",
    "data": [
      {
        "text": "of course",
        "userDefined": false
      }
    ],
    "isTemplate": false,
    "count": 0,
    "updated": 0
  },
  {
    "id": "03378b15-c6d2-44ba-b4ab-3ff7be64a07f",
    "data": [
      {
        "text": "yep that\u0027s right",
        "userDefined": false
      }
    ],
    "isTemplate": false,
    "count": 1,
    "updated": 0
  },
  {
    "id": "b6fa9d62-3c49-40f3-b601-7a6fcbaf62ed",
    "data": [
      {
        "text": "okay I will",
        "userDefined": false
      }
    ],
    "isTemplate": false,
    "count": 2,
    "updated": 0
  },
  {
    "id": "eb6f29e0-ad0d-4687-879f-609dbc37aa27",
    "data": [
      {
        "text": "exactly",
        "userDefined": false
      }
    ],
    "isTemplate": false,
    "count": 1,
    "updated": 0
  },
  {
    "id": "2cd6dffd-5da4-48bc-be56-a6b4223070c9",
    "data": [
      {
        "text": "sure why not",
        "userDefined": false
      }
    ],
    "isTemplate": false,
    "count": 0,
    "updated": 0
  },
  {
    "id": "7f8f587d-f183-49b9-9ffc-6fcb3c31456d",
    "data": [
      {
        "text": "absolutely",
        "userDefined": false
      }
    ],
    "isTemplate": false,
    "count": 1,
    "updated": 0
  },
  {
    "id": "0849d52f-dff2-4749-8ddf-a19e6b62a2b0",
    "data": [
      {
        "text": "it\u0027s okay",
        "userDefined": false
      }
    ],
    "isTemplate": false,
    "count": 0,
    "updated": 0
  },
  {
    "id": "913334e8-7bcc-4fc4-8b4e-45f831591299",
    "data": [
      {
        "text": "it\u0027s fine",
        "userDefined": false
      }
    ],
    "isTemplate": false,
    "count": 0,
    "updated": 0
  },
  {
    "id": "c2ea53ce-29d8-466e-b97a-64269cd8540c",
    "data": [
      {
        "text": "go ahead",
        "userDefined": false
      }
    ],
    "isTemplate": false,
    "count": 1,
    "updated": 0
  },
  {
    "id": "c79889fc-3682-4f2e-9590-80fd1c9a3db8",
    "data": [
      {
        "text": "confirm",
        "userDefined": false
      }
    ],
    "isTemplate": false,
    "count": 1,
    "updated": 0
  },
  {
    "id": "85156a11-db47-4ddb-beaa-4b66ad151f8f",
    "data": [
      {
        "text": "sounds good",
        "userDefined": false
      }
    ],
    "isTemplate": false,
    "count": 0,
    "updated": 0
  },
  {
    "id": "23a04390-c0b0-4bb7-9f98-5635ee08bb43",
    "data": [
      {
        "text": "alright",
        "userDefined": false
      }
    ],
    "isTemplate": false,
    "count": 0,
    "updated": 0
  },
  {
    "id": "9bc89e2e-62c6-4b97-8dd9-6560e7bd7d29",
    "data": [
      {
        "text": "yeah",
        "userDefined": false
      }
    ],
    "isTemplate": false,
    "count": 0,
    "updated": 0
  },
  {
    "id": "14985ea0-1111-4099-873b-fe406354e7f5",
    "data": [
      {
        "text": "yup",
        "userDefined": false
      }
    ],
    "isTemplate": false,
    "count": 0,
    "updated": 0
  },
  {
    "id": "26fe8b81-a02c-4202-84e6-6d9930d1603d",
    "data": [
      {
        "text": "yes please",
        "userDefined": false
      }
    ],
    "isTemplate": false,
    "count": 0,
    "updated": 0
  },
  {
    "id": "36e07124-1538-4f9b-b8e6-0ea6a3598741",
    "data": [
      {
        "text": "do it",
        "userDefined": false
      }
    ],
    "isTemplate": false,
    "count": 1,
    "updated": 0
  },
  {
    "id": "185a46ae-48ad-40fd-a014-46366576c6e1",
    "data": [
      {
        "text": "yes I can",
        "userDefined": false
      }
    ],
    "isTemplate": false,
    "count": 0,
    "updated": 0
  },
  {
    "id": "2ceee23f-dae4-48f0-a233-4f8cc12179ee",
    "data": [
      {
        "text": "it looks perfect",
        "userDefined": false
      }
    ],
    "isTemplate": false,
    "count": 0,
    "updated": 0
  },
  {
    "id": "9b0dc4ab-7eaa-4a13-abb9-109f0bbd06b7",
    "data": [
      {
        "text": "that\u0027s correct",
        "userDefined": false
      }
    ],
    "isTemplate": false,
    "count": 0,
    "updated": 0
  },
  {
    "id": "e25474bf-85a3-433d-ba6d-ec0456b2146e",
    "data": [
      {
        "text": "right",
        "userDefined": false
      }
    ],
    "isTemplate": false,
    "count": 0,
    "updated": 0
  },
  {
    "id": "38435fcb-45e3-4c00-a0bb-11ccdbea0722",
    "data": [
      {
        "text": "alright why not",
        "userDefined": false
      }
    ],
    "isTemplate": false,
    "count": 0,
    "updated": 0
  },
  {
    "id": "f0816973-5a2c-4f5f-87b2-971d3a866e3b",
    "data": [
      {
        "text": "yep",
        "userDefined": false
      }
    ],
    "isTemplate": false,
    "count": 0,
    "updated": 0
  }
]