[
  {
    "id": "b574d5a5-16e4-43cd-8174-7b1b5c4fba13",
    "data": [
      {
        "text": "हां भाई",
        "userDefined": false
      }
    ],
    "isTemplate": false,
    "count": 0,
    "updated": 0
  },
  {
    "id": "5f5169b4-b16a-4609-9b63-9fd90f59e8bd",
    "data": [
      {
        "text": "हां जी",
        "userDefined": false
      }
    ],
    "isTemplate": false,
    "count": 0,
    "updated": 0
  },
  {
    "id": "c772cce7-7e24-4334-9375-25d13135821e",
    "data": [
      {
        "text": "हां",
        "userDefined": false
      }
    ],
    "isTemplate": false,
    "count": 0,
    "updated": 0
  },
  {
    "id": "bb5ed6b9-3164-49a7-9361-a42b97918534",
    "data": [
      {
        "text": "ठीक है",
        "userDefined": false
      }
    ],
    "isTemplate": false,
    "count": 0,
    "updated": 0
  },
  {
    "id": "53f75be3-ba66-468a-8d54-c12d54593e31",
    "data": [
      {
        "text": "ज़रूर",
        "userDefined": false
      }
    ],
    "isTemplate": false,
    "count": 0,
    "updated": 0
  },
  {
    "id": "23f40381-b52e-4ef3-86ef-3a62109db318",
    "data": [
      {
        "text": "हाँ जी",
        "userDefined": false
      }
    ],
    "isTemplate": false,
    "count": 0,
    "updated": 0
  }
]