[
  {
    "id": "93061b18-0c99-484a-a3a5-2a2bbdf1d21b",
    "data": [
      {
        "text": "vaccines for my child",
        "userDefined": false
      }
    ],
    "isTemplate": false,
    "count": 0,
    "updated": 0
  },
  {
    "id": "78ea7476-06c0-4285-8d4c-c15fc74ce88d",
    "data": [
      {
        "text": "tell me about vaccines",
        "userDefined": false
      }
    ],
    "isTemplate": false,
    "count": 0,
    "updated": 0
  },
  {
    "id": "0810c449-8e76-4b99-8b12-6eaf1a334010",
    "data": [
      {
        "text": "vaccine information",
        "userDefined": false
      }
    ],
    "isTemplate": false,
    "count": 0,
    "updated": 0
  },
  {
    "id": "db933fcf-8f19-4fae-80ba-e28ddfae37ce",
    "data": [
      {
        "text": "my baby needs vaccine",
        "userDefined": false
      }
    ],
    "isTemplate": false,
    "count": 0,
    "updated": 0
  },
  {
    "id": "aef61082-f2d8-4fcd-81ce-dc05a35ec7b2",
    "data": [
      {
        "text": "vaccines",
        "userDefined": false
      }
    ],
    "isTemplate": false,
    "count": 0,
    "updated": 0
  },
  {
    "id": "2a51f5b4-6d8e-4041-916b-61a3c639bfe4",
    "data": [
      {
        "text": "vaccines for my baby",
        "userDefined": false
      }
    ],
    "isTemplate": false,
    "count": 0,
    "updated": 0
  }
]