[
  {
    "id": "6fd54815-c40d-4776-9686-4ecf2ed37d9c",
    "data": [
      {
        "text": "6",
        "alias": "number",
        "meta": "@sys.number",
        "userDefined": true
      }
    ],
    "isTemplate": false,
    "count": 0,
    "updated": 0
  },
  {
    "id": "caaf03a2-cbd4-4f48-a293-d01d4ebc0c20",
    "data": [
      {
        "text": "2",
        "alias": "number",
        "meta": "@sys.number",
        "userDefined": true
      },
      {
        "text": " months old.",
        "userDefined": false
      }
    ],
    "isTemplate": false,
    "count": 0,
    "updated": 0
  },
  {
    "id": "c8319731-5cba-449b-aaf2-601eaff5adc9",
    "data": [
      {
        "text": "my baby is",
        "userDefined": false
      },
      {
        "text": " 4",
        "alias": "number",
        "meta": "@sys.number",
        "userDefined": true
      },
      {
        "text": " months old.",
        "userDefined": false
      }
    ],
    "isTemplate": false,
    "count": 0,
    "updated": 0
  },
  {
    "id": "ebbb2342-d986-4b3b-b0c0-3af75795c2a1",
    "data": [
      {
        "text": "3",
        "alias": "number",
        "meta": "@sys.number",
        "userDefined": true
      },
      {
        "text": " months",
        "userDefined": false
      }
    ],
    "isTemplate": false,
    "count": 0,
    "updated": 0
  }
]