[
  {
    "value": "Andaman",
    "synonyms": [
      "Andaman",
      "Andaman and Nicobar Islands",
      "andaman \u0026 nicobar",
      "andaman \u0026 nicobar islands",
      "andaman and nicobar",
      "nicobar"
    ]
  },
  {
    "value": "Andhra Pradesh",
    "synonyms": [
      "Andhra Pradesh"
    ]
  },
  {
    "value": "Arunachal Pradesh",
    "synonyms": [
      "Arunachal Pradesh"
    ]
  },
  {
    "value": "Assam",
    "synonyms": [
      "Assam"
    ]
  },
  {
    "value": "Bihar",
    "synonyms": [
      "Bihar"
    ]
  },
  {
    "value": "Chandigarh",
    "synonyms": [
      "Chandigarh"
    ]
  },
  {
    "value": "Chhattisgarh",
    "synonyms": [
      "Chhattisgarh"
    ]
  },
  {
    "value": "Dadra",
    "synonyms": [
      "Dadra",
      "Dadra and Nagar Haveli",
      "Nagar Haveli"
    ]
  },
  {
    "value": "Daman and Diu",
    "synonyms": [
      "Daman and Diu",
      "daman",
      "diu"
    ]
  },
  {
    "value": "Delhi",
    "synonyms": [
      "Delhi",
      "Dilli",
      "National Capital Territory of Delhi",
      "delhi"
    ]
  },
  {
    "value": "Goa",
    "synonyms": [
      "Goa"
    ]
  },
  {
    "value": "Gujarat",
    "synonyms": [
      "Gujarat",
      "Gujrat"
    ]
  },
  {
    "value": "Haryana",
    "synonyms": [
      "Haryana"
    ]
  },
  {
    "value": "Himachal Pradesh",
    "synonyms": [
      "Himachal Pradesh"
    ]
  },
  {
    "value": "Jammu and Kashmir",
    "synonyms": [
      "Jammu",
      "Jammu and Kashmir",
      "Kashmir"
    ]
  },
  {
    "value": "Jharkhand",
    "synonyms": [
      "Jharkhand"
    ]
  },
  {
    "value": "Karnataka",
    "synonyms": [
      "Karnataka"
    ]
  },
  {
    "value": "Kerala",
    "synonyms": [
      "Kerala"
    ]
  },
  {
    "value": "Lakshadweep",
    "synonyms": [
      "Lakshadweep"
    ]
  },
  {
    "value": "Madhya Pradesh",
    "synonyms": [
      "Madhya Pradesh"
    ]
  },
  {
    "value": "Maharashtra",
    "synonyms": [
      "Maharashtra"
    ]
  },
  {
    "value": "Manipur",
    "synonyms": [
      "Manipur"
    ]
  },
  {
    "value": "Meghalaya",
    "synonyms": [
      "Meghalaya"
    ]
  },
  {
    "value": "Mizoram",
    "synonyms": [
      "Mizoram"
    ]
  },
  {
    "value": "Nagaland",
    "synonyms": [
      "Nagaland"
    ]
  },
  {
    "value": "Odisha",
    "synonyms": [
      "Odisha",
      "Orissa"
    ]
  },
  {
    "value": "Puducherry",
    "synonyms": [
      "Pondicherry",
      "Puducherry"
    ]
  },
  {
    "value": "Punjab",
    "synonyms": [
      "Punjab"
    ]
  },
  {
    "value": "Rajasthan",
    "synonyms": [
      "Rajasthan"
    ]
  },
  {
    "value": "Sikkim",
    "synonyms": [
      "Sikkim"
    ]
  },
  {
    "value": "Tamil Nadu",
    "synonyms": [
      "Tamil Nadu"
    ]
  },
  {
    "value": "Telangana",
    "synonyms": [
      "Telangana",
      "Telangana Pradesh"
    ]
  },
  {
    "value": "Tripura",
    "synonyms": [
      "Tripura"
    ]
  },
  {
    "value": "Uttar Pradesh",
    "synonyms": [
      "Uttar Pradesh"
    ]
  },
  {
    "value": "Uttarakhand",
    "synonyms": [
      "Uttarakhand"
    ]
  },
  {
    "value": "West Bengal",
    "synonyms": [
      "West Bengal"
    ]
  }
]